event_id,owner,start_time,place_id
749973298425444,281951295321705,2015-12-01T20:00:00+0000,131730263540768
635731223198422,281951295321705,2015-11-29T10:00:00+0000,112367088780789
1054725234546881,457575357599831,2015-11-25T18:30:00+0700,805961829521606
1639524949632281,490198234392508,2015-12-03T18:00:00+0700,92055404101
1647784098809527,277391755697072,2015-11-28T18:30:00+0700,576604065803262
923560931071519,933748213382373,2015-11-21T18:00:00+0800,452984798116548
980109532046690,108880265799826,2015-12-16T19:00:00-0500,164954480295648
553994564753217,838379166275528,2015-11-29T07:00:00+0700,278711348827134
1653481344921139,160905653937120,2015-10-09T19:00:00+0700,378440862233004
541688985990207,507345052611801,2015-11-27T20:00:00+0700,
505404526303554,277391755697072,2015-11-25T18:00:00+0700,576604065803262
868113803286255,239297552936743,2015-11-14T16:00:00-0500,120674494614559
1483086508637055,10153314570427426,2015-09-23T00:00:00+0700,
516363538546016,1381054475487129,2015-12-27T19:00:00+0100,1385792164976565
137020169988345,1404185606573553,2015-11-07T09:00:00+0700,144585465710375
1220030118104373,668522809957557,2015-11-28T09:30:00+0700,207460492654316
1147882738564437,277391755697072,2015-11-14T14:00:00+0700,
906526716092147,196076400728572,2016-01-24T05:00:00+0700,349129288484457
1060349784009934,161664357180472,2015-11-12T13:00:00-0600,169430696452177
549624805200267,225676200946276,2016-01-10T13:30:00+0700,
632343673535086,287172388076742,2016-01-19T20:00:00+0700,442177372528700
1656348561311152,203435029989333,2015-11-24T15:30:00+0700,187275621329532
403409569850856,1632467453681596,2015-11-22T13:00:00+0700,
1222058461147926,192127044463637,2015-11-29T15:00:00+0700,145709058909375
499879156840400,1645458809005744,2015-12-05T20:00:00+0700,
874835075904840,287172388076742,2015-11-17T20:00:00+0700,442177372528700
1736114333285649,920801174641374,2015-11-15T08:00:00+0700,
430795103770759,261359430571392,2015-11-26T13:00:00+0700,140986189290781
1663023173954359,337116029796477,2015-11-08T08:00:00+0700,228436337217849
446205618897286,505951839572603,2015-11-23T15:00:00+0700,187275621329532
932318536854763,123966167614127,2015-12-04T19:00:00+0700,108458769184495
856704631068589,254129851296643,2015-11-21T08:00:00+0700,254129851296643
901636653224227,114155131992010,2015-11-12T16:30:00+0700,139069359454848
737090809728395,1433261136918580,2015-12-05T08:00:00+0700,196657367149385
1507447266249110,441882382493520,2015-12-13T08:00:00+0700,139069359454848
721108484687936,1045618162147279,2015-11-22T17:30:00+0700,
1136662996361958,10153104612172587,2015-11-27T16:00:00+0700,
1648346515421234,691672590865227,2015-11-25T20:00:00+0700,691672590865227
846947242093547,1084512524905695,2015-11-23T14:30:00+0700,187275621329532
557425051079579,113277575744,2015-11-24T17:00:00+0700,187275621329532
623909384417183,1623599447925198,2015-11-15T13:30:00+0700,415132265208836
199849900347668,1376249656007370,2015-12-01T18:40:00+0700,
492765987567572,887888133578,2015-11-19T19:00:00-0600,
1519232068389259,160635723987204,2015-12-05T14:00:00+0700,437734699582012
509073795927959,123966167614127,2015-12-10T19:00:00+0700,108458769184495
491058557709091,103256596592,2015-12-18T15:00:00+0700,187275621329532
1665348500389983,238646369652750,2016-01-24T13:30:00+0700,
1636273333309339,272870317608,2015-11-07T20:30:00+0700,272870317608
1041025602630712,123966167614127,2015-12-13T19:00:00+0700,108458769184495
807337756046826,874648685975556,2015-08-23T09:00:00+0700,104652422903798
142608832761191,257541180928939,2015-11-15T09:00:00+0700,
520105564831146,147073801994956,2015-11-30T13:30:00+0700,147073801994956
750748281714728,123966167614127,2015-12-31T19:00:00+0700,108458769184495
451197695066678,123966167614127,2015-12-31T19:00:00+0700,108458769184495
181005068915906,479000735570737,2015-11-27T08:00:00+0700,479000735570737
1507873426195346,10208201390771497,2015-11-29T00:00:00+0700,136363746430809
177405102602025,123966167614127,2015-12-04T21:00:00+0700,108458769184495
184444461897531,203435029989333,2015-11-24T15:30:00+0700,187275621329532
1118660994820141,490198234392508,2015-11-25T08:00:00+0700,
125122597852220,1084512524905695,2015-11-24T15:30:00+0700,
149304538761869,736786453093276,2015-12-12T15:30:00+0700,
423109224551631,577475142400068,2015-11-23T14:30:00+0700,187275621329532
730495743749028,934872699925276,2015-11-25T18:45:00+0700,760474480698633
1233837203309392,490198234392508,2015-12-10T11:30:00+0700,1562513684030712
1524383694550949,512575672245290,2015-12-05T09:00:00+0700,
426995257494915,1458886447703988,2015-11-20T17:30:00+0700,805961829521606
886398668123104,1670549586517932,2015-11-04T08:00:00+0700,186974978020618
704613419670791,10153326679450028,2015-11-11T21:00:00+0700,
985906324765664,254129851296643,2015-11-07T08:00:00+0700,254129851296643
1715978725289059,1218990174784491,2015-11-23T14:30:00+0700,
974436035949153,231483033583144,2015-12-03T18:00:00+0700,
1648464892085939,10200905184428025,2015-11-23T14:30:00+0700,
690716074397661,10100148807301467,2015-11-19T18:00:00-0600,
1536427273264603,104652422903798,2015-11-04T10:00:00+0700,104652422903798
931770880212003,266624276703032,2015-11-08T19:00:00+0700,
502091833300263,266624276703032,2015-11-11T20:00:00+0700,
1634561066796800,266624276703032,2015-11-13T21:00:00+0700,
405987992930610,123966167614127,2015-11-27T19:00:00+0700,108458769184495
1388442324796856,146243825390489,2015-11-22T08:00:00+0700,
411775655692658,10153738387789911,2016-03-06T13:00:00+0700,280474978690664
533714410128929,1379758908902814,2015-11-18T07:00:00+0700,221666598211
1694036784158640,970605739663260,2015-11-23T14:30:00+0700,187275621329532
1666564306896462,215802855267469,2016-10-02T00:00:00+0700,108458769184495
973469002664833,706552259445076,2020-08-04T05:00:00+0700,190365210983587
1631310107158147,1508495006062711,2015-11-27T21:00:00+0700,1508495006062711
1537877016467620,10208172990227449,2015-12-03T00:00:00+0700,108458769184495
138048423223427,62776868580,2015-12-05T21:00:00+0100,122965981185901
182639612078173,447143448630591,2015-12-11T18:30:00+0700,185505541640293
411662922360897,1405440006337216,2016-06-09T19:00:00+0700,1405440006337216
192596887742760,303262409777931,2015-11-28T09:30:00+0700,121404550378
1521719851485619,1553656574873257,2015-11-28T20:30:00+0700,339679246202032
398686067005910,340240609451430,2015-12-05T10:00:00+0700,340240609451430
1642610872682544,1069832729712052,2015-11-14T19:00:00+0700,1069832729712052
466364126896947,616736635138732,2015-12-06T09:00:00+0700,125383274205415
1706173342932599,937287386329125,2015-12-01T19:00:00+0700,1436892619887339
985219994862772,963156157059308,2016-01-09T10:00:00+0700,442177372528700
111872519182102,10153549016082025,2015-12-03T20:30:00+0700,882869018459713
930395153664597,214975551874661,2015-11-22T15:00:00-0500,361137537382705
995025613883488,160693367753,2015-11-29T08:00:00+0700,231483033583144
745423882251661,122748769525,2015-12-01T22:00:00-0500,152568304931268
1162044413810114,1554007758185933,2016-01-23T18:00:00+0700,442177372528700
393788524162895,1411695789133639,2015-12-31T18:00:00+0700,1411695789133639
972722572770017,1525969641047624,2015-11-06T22:00:00+0700,442177372528700
1699270880286806,143962809064655,2015-11-07T16:00:00+0700,143962809064655
414057348785375,231483033583144,2015-12-02T09:30:00+0700,197197913731478
1052922628086084,104198269790123,2015-12-05T19:00:00+0700,352671261514692
825881260800727,162353273953491,2015-11-07T19:00:00+0700,
571688909651350,10153122667410740,2015-11-07T15:00:00+0700,901626703235679
940016226073543,861852637225054,2016-01-11T08:00:00+0700,861852637225054
738541012946372,252004458260447,2015-12-06T11:00:00+0700,252004458260447
687073791393597,930885773601020,2015-12-31T18:00:00+0700,930885773601020
492112924325606,123971274354690,2015-11-28T04:00:00+0700,479634595447822
769324746530708,616736635138732,2016-03-26T09:00:00+0700,616736635138732
978023902255856,10207522432674016,2016-04-23T09:00:00-0500,115058285199350
1629089714006339,1000223436707610,2015-11-21T20:00:00-0800,190849994275218
916219201805250,1649959118552681,2015-12-05T14:30:00+0700,1649959118552681
755473814599301,220557164642582,2015-12-09T15:30:00-0500,220557164642582
1479367552373148,861852637225054,2016-01-16T08:00:00+0700,861852637225054
719368461526737,923492541033055,2015-11-15T11:30:00+0700,850950584931555
105330416502936,422086314559898,2015-11-28T14:30:00+0700,
1016313698389610,182019118494010,2016-02-06T09:00:00-0800,167527659968760
413613492176268,172598186084573,2015-11-11T20:00:00+0700,106379452730955
449208315279813,118131004909879,2015-11-08T08:30:00+0200,118131004909879
1649574428587670,283673618379697,2015-11-21T18:30:00+0700,125275087517296
923272477722495,111792892269259,2015-11-13T22:00:00+0100,111792892269259
1633057173615681,1447063515567486,2015-11-15T14:00:00+0700,1447063515567486
478185015694131,182697855086912,2016-01-18T18:30:00-0500,182697855086912
921743211214812,1473429612954239,2015-12-06T14:00:00+0700,1545729262363418
739791859460625,10153754030203007,2015-11-12T20:00:00+1100,433753466679157
1100199796676321,163303467142634,2016-02-28T02:30:00+0700,142688579261554
517006541812237,73262298291,2016-01-16T19:00:00-0500,138939216176677
832878440162138,991111380951526,2015-11-15T00:00:00-0300,112230675455131
1651946085088278,129765995630,2015-11-26T18:00:00+0700,129765995630
352365844962785,140941392666938,2015-11-26T19:00:00-0700,140941392666938
665950596841543,1440466169571277,2015-11-19T20:00:00+0700,339679246202032
735077243302720,143962809064655,2015-10-20T19:00:00+0700,143962809064655
1621257701440717,143962809064655,2015-11-24T19:00:00+0700,143962809064655
311755245655422,143962809064655,2015-11-26T20:30:00+0700,143962809064655
1632599073621622,143962809064655,2015-10-23T19:30:00+0700,143962809064655
1519010425083454,1551587938464499,2015-11-28T16:00:00+0700,1437374359836898
1468796560095962,431119723736344,2015-11-06T20:00:00+0000,
1024404200913038,1481747458801223,2015-11-21T21:00:00+0700,884672811553550
1517238981930295,1582800581975955,2015-11-08T19:00:00+0700,
1006657816062381,563032753744738,2015-11-29T06:00:00+0700,544156325612502
181782878833227,835292073251791,2015-12-03T10:00:00+0700,
576649295807118,171448986212518,2015-10-22T13:00:00+0700,108458769184495
877417562306505,508372659342627,2015-12-02T00:00:00+0700,223806474368871
1334681039881631,386683241429935,2015-11-08T08:30:00+0700,
1041164115934282,212800888904630,2015-12-20T14:00:00+0700,
1488463164790626,983153258385121,2015-11-12T12:00:00+0700,1609541019315274
436004849930354,590593111048517,2015-12-02T17:30:00+0700,268387536637911
729294240471925,1690452494567962,2017-06-30T00:00:00+0700,112039852155607
947821865304797,372528302901234,2015-11-18T09:00:00+0700,
465988266906746,735267366532693,2015-11-29T07:30:00+0700,230288990428206
1654035388177889,125198310984118,2016-01-17T19:30:00+0700,186086438113504
506342142874538,149754588714823,2015-11-24T12:00:00+0700,496590227135861
197038423962760,296033980513743,2015-12-05T07:00:00+0700,406962065981560
1668763606671752,1268478759906338,2015-11-30T17:00:00+0700,
910529609036509,227957290575154,2015-11-29T09:30:00+0700,
1059089314115526,1056110321068369,2015-11-22T14:00:00+0700,337423376273783
1607843346160408,1179021038794278,2017-07-17T00:00:00+0700,433752176723033
927075350720723,666873386674756,2015-12-05T07:00:00+0700,666873386674756
1516517512002547,1108563469169659,2015-11-29T07:00:00+0700,150643144998194
1749003568652441,149754588714823,2015-11-30T07:00:00+0700,128758810585914
1645416069063738,1059810144063520,2015-11-19T09:00:00+0700,
1643527149195696,193826154289998,2015-12-01T09:00:00+0700,750225778350527
441028849432114,1432814160270699,2015-11-28T16:00:00+0700,108458769184495
1645651059017140,255009997956579,2015-12-03T17:30:00+0700,1575293096059517
475090992616222,1375150152705629,2015-12-10T09:00:00+0700,108458769184495
641561649280745,10203615074017783,2015-11-27T11:00:00+0700,1562513684030712
899315940118243,466120006879629,2015-11-26T17:00:00+0700,251653318220740
917721075007526,129673814065870,2015-11-20T00:00:00+0700,108458769184495
1052151534809365,144330962311641,2015-12-04T19:00:00+0700,
530966487077466,191663507832411,2015-11-27T18:00:00+1100,103696243001853
1673153072897440,10156269909015626,2016-03-06T14:00:00-0800,173877619310232
170397459977822,10201209100945829,2015-11-25T17:30:00+0700,430182417008717
929799053767763,1657380281208758,2015-11-29T08:00:00+0700,173700849325842
918811078168615,1032850006779608,2015-11-29T08:00:00+0700,
893606694056340,775251349288397,2015-11-20T08:00:00+0700,490272757677536
1733682646859766,168657583278097,2015-11-14T18:00:00+0700,406962065981560
931046223653785,1026101720746144,2015-11-27T18:00:00+0700,
944752558928290,1493713580959217,2015-11-29T09:00:00+0700,
913224282097618,666419776821496,2016-12-25T07:00:00+0700,460947700604260
994105733994799,113456572301,2015-11-11T08:00:00+0700,113456572301
467760970075640,168838346801544,2015-11-29T09:00:00+0700,
1669437033340250,182074638804408,2015-11-29T08:30:00+0700,
537888643030709,637268503079699,2015-12-19T09:00:00+0700,
1233042353454614,759849770756197,2015-11-18T08:00:00+0700,
1226313327396867,372528302901234,2015-11-13T18:00:00+0700,202805849768048
1212368625446112,524538074238532,2015-10-28T00:00:00+0700,524538074238532
991726190899697,1496368543992075,2015-12-01T07:00:00+0700,
1050129005007402,165919750409496,2015-11-29T13:00:00+0700,413116955422920
537514949731000,212637095470180,2015-11-27T20:00:00+0700,
423159877876048,437849319731580,2015-11-14T10:30:00+0700,
505632049618301,184593788558803,2015-11-09T18:00:00+0700,324716624349762
980751665296335,790645417689587,2015-12-11T07:30:00+0700,
743012149176424,1619734048309144,2015-11-15T10:00:00+0700,514367848684483
321142341389788,147221017532,2015-11-14T17:00:00+0700,
677952745575695,1457253097844155,2016-01-28T00:00:00-0800,1457253097844155
367323636758059,282394601933590,2015-12-26T00:00:00+0700,108153009209321
394713817404679,500152980033341,2015-12-03T18:30:00+0700,
631160783635286,1457253097844155,2016-12-28T00:00:00-0800,1457253097844155
592124860905156,630256860383106,2016-12-28T00:00:00-0800,
866111476835677,800586393326786,2015-11-07T13:00:00+0700,
897885713633701,950219265048114,2015-12-12T09:00:00+0700,
535978726569411,127841374249281,2015-11-29T08:30:00+0700,
1728205167392156,345119005530894,2015-12-06T08:00:00+0700,
855071091220515,854628684579378,2016-12-29T00:00:00+0700,108153009209321
1036612783035948,1069844193034349,2015-11-07T00:00:00+0700,388026887917895
1813491758875082,734229800028524,2015-12-20T00:00:00-0800,734229800028524
407571132769856,418258305016522,2015-11-29T09:00:00+0700,211536622247965
427770110749644,172926962775927,2015-12-27T08:00:00+0700,172926962775927
742380505895733,226023577540223,2015-12-03T19:00:00+0700,
931978370186855,148316888708402,2015-12-11T14:00:00+0700,148316888708402
1643243845945814,148316888708402,2015-12-05T09:00:00+0700,
1520387614946767,146679858699194,2015-11-30T18:00:00+0700,146679858699194
822077791243799,323773504475440,2015-07-26T10:40:00+0700,331029323703377
1051599734892435,27789938713,2015-12-18T08:30:00+0700,
1595718864010301,605130106301620,2015-11-22T01:30:00+0700,178441095580232
483455978483118,452278964959235,2016-01-10T10:00:00+0700,108458769184495
917775454980540,123966167614127,2015-11-27T19:00:00+0700,108458769184495
426286864233621,10153385141498892,2015-12-06T20:00:00+0700,108458769184495
1207592255933943,1202163263130392,2015-11-23T14:30:00+0700,187275621329532
644598465643953,1021953147847029,2015-11-13T15:00:00+0700,104580643217496
1653917291543568,440705819455272,2015-11-21T08:00:00+0700,108458769184495
762028467236161,245796775505303,2015-11-21T08:00:00+0700,108458769184495
439107936255724,10206893366905483,2017-12-31T00:00:00+0700,108458769184495
165164663837984,1598573277066287,2015-11-22T07:30:00+0700,558648594148823
1717523641810371,467659113275223,2015-11-19T11:00:00+0700,
1653871418226721,123966167614127,2015-11-14T19:00:00+0700,108458769184495
725340260922835,1522429674679692,2015-11-26T17:00:00+0700,261754867359796
1646169172322185,141006805941280,2015-11-18T09:00:00+0700,206342816141087
471379523018564,166136190070431,2015-12-03T18:00:00+0700,166136190070431
800361323357823,144845212220147,2017-07-14T09:30:00+0700,1456445677912747
1656182334649628,345867728843659,2015-11-28T08:00:00+0700,1377240259158475
1053742441317347,728630700600799,2016-01-14T20:00:00+0700,199166866801468
1591204524467956,10153359084674538,2016-03-06T00:00:00+0700,318221091619666
204623723202537,928962953786555,2015-12-07T08:00:00+0800,
1663241800631364,400236943387516,2015-12-11T08:00:00+0700,106388046062960
322719451185700,173694176159689,2015-12-19T09:30:00+0700,173694176159689
187063218296622,915397661819150,2015-12-15T18:00:00+0700,123529854410085
555949701234891,410181972473704,2015-11-29T08:30:00+0700,722213971152713
1495218810806969,427720474090163,2015-11-29T07:00:00+0700,297115090491673
500423840117190,123966167614127,2015-12-25T21:00:00+0700,108458769184495
1653260184922609,339679246202032,2015-12-02T21:00:00+0700,339679246202032
496623987186051,887678567995620,2015-12-01T01:00:00+0700,143509855729860
1502326910082235,914127498654137,2016-01-10T10:00:00+0700,914127498654137
714237438711761,155988581133002,2015-11-26T17:30:00+0700,155988581133002
1683213978558267,1504006339899953,2016-10-09T00:00:00+0700,
874334249323234,164676317201504,2015-12-19T09:00:00+0700,216650281863123
699502706817410,476299252497665,2016-01-09T08:00:00+0700,640408689343119
1714914705410262,884139108323527,2016-01-14T00:00:00+0700,199166866801468
1115755325103483,134329226691354,2015-11-27T09:00:00+0700,134329226691354
172015596484680,704752382994404,2015-12-24T19:00:00+0700,268387536637911
497474997090416,260180270698080,2015-12-05T09:00:00+0700,260180270698080
543887232441917,508372659342627,2015-12-02T00:00:00+0700,223806474368871
1671070769775735,785796941448543,2015-12-02T19:00:00+0700,785796941448543
758027511009337,735278049831065,2015-11-17T07:00:00+0700,735278049831065
883542348401279,1503497999896119,2015-11-22T14:30:00+0700,565080926889738
1701251846786746,1481119612111750,2015-12-20T09:00:00+0700,1481119612111750
1678424979065826,112815562202913,2015-11-28T10:00:00+0700,1610081362581484
1903560073203000,1445350815717897,2015-12-13T16:00:00+0700,143962809064655
922981211110550,110347962389824,2015-12-08T00:00:00+0700,110347962389824
923304757761862,1552407461715840,2015-12-01T19:30:00+0700,586009644814508
573130449507448,864884673626106,2015-11-30T15:00:00+0700,108458769184495
915555705185172,187275621329532,2015-12-03T18:30:00+0700,187275621329532
906260389439210,1668646426726315,2015-12-02T09:00:00+0700,216693141766460
1674987226048875,854901547855807,2015-12-06T18:30:00+0700,442177372528700
1634811676806312,129617337237545,2015-11-29T08:00:00+0700,108458769184495
910435195709879,108363112585971,2015-12-19T09:00:00+0700,
1651077358490304,388201391242267,2015-12-05T08:00:00+0700,104580643217496
778725858916053,297719243598109,2015-11-19T18:00:00+0700,297719243598109
1094343180578474,323455614468282,2015-11-22T13:00:00+0700,248480555347824
553707154776476,1715424745354660,2015-12-20T07:30:00+0700,544156325612502
1640299296249931,123741664367658,2016-04-29T06:00:00+0700,123741664367658
1695189700704438,788270661301722,2015-11-20T00:00:00+0700,108458769184495
344774822319519,1026634437359930,2020-07-20T08:00:00+0700,108458769184495
1674692909412629,123966167614127,2015-12-11T10:00:00+0700,108458769184495
516654305161658,143962809064655,2015-12-11T20:00:00+0700,143962809064655
505817212923414,171584826186219,2015-11-17T09:00:00+0700,748665778612881
928651557224644,1411777989053700,2015-11-25T18:00:00+0700,536528599732652
448681385319878,128245747288027,2015-11-28T17:00:00+0700,359105870910198
1049885751717830,937287386329125,2015-12-15T19:00:00+0700,1436892619887339
963826993656703,113456572301,2015-11-26T14:30:00+0700,113456572301
863818937066030,991460567564320,2015-12-12T20:00:00+0700,339679246202032
1420029494955927,783081078504395,2016-12-13T00:00:00+0700,307650282724420
934165203347159,1541951192762699,2015-12-12T09:00:00+0700,
622805614525410,103256596592,2016-01-03T14:00:00+0700,317670801702352
1633215753600006,537437012956308,2016-01-01T08:00:00+0700,537437012956308
1097525770265879,1644433952483893,2015-12-19T08:00:00+0700,1512448468999389
625905840883347,524674157605582,2015-11-20T22:00:00+0700,524674157605582
1048580948520263,372285279568424,2015-12-05T19:00:00+0700,1614198688826410
196339154035041,233518100170351,2015-12-23T15:00:00+0700,233518100170351
1617910321803458,789993557776698,2015-11-17T08:00:00+0700,302269166541541
134546073570468,135180599990150,2015-11-27T08:30:00+0700,135180599990150
1519188885061886,1928684497356965,2015-12-06T19:00:00+0700,353688611448871
503683439801590,134772293203808,2015-12-12T09:00:00+0700,134772293203808
189465291389771,1597614600477445,2015-11-20T18:00:00+0700,1456517937932546
630508290397731,459235325025,2016-03-09T08:00:00+0700,108458769184495
184997641682726,577926842237354,2020-09-07T00:00:00+0700,120815114659379
979805182080949,953753404668482,2015-11-22T08:30:00+0700,365802470158277
185119101830875,10204621719973868,2015-12-05T09:00:00+0700,238813302847655
116156808747985,199187816899402,2015-11-21T14:00:00+0700,199187816899402
1723582064530645,1862431763980969,2015-12-27T14:30:00+0700,248480555347824
420322011496986,1554007758185933,2015-11-22T15:00:00+0700,143962809064655
1654326954816284,1109317269080978,2015-12-01T11:00:00+0700,697501723669552
631265380347638,167747226911483,2016-03-05T08:00:00+0700,134930110023155
103780789985311,500152980033341,2015-12-05T09:00:00+0700,
1654600748150652,258711617660346,2015-11-18T06:00:00+0700,258711617660346
1058521250847143,10208274781086407,2016-01-11T14:30:00+0700,196576370505360
406829072835666,232371336868468,2015-12-02T09:00:00+0700,216123665077401
1708577069371002,1039048762813526,2015-11-26T07:00:00+0700,380365022048905
1539218623005421,1545729262363418,2015-11-28T19:00:00+0700,1545729262363418
122286908135599,372528302901234,2015-11-17T09:00:00+0700,
1492874717709061,10201168585811988,2015-11-29T05:00:00+0700,397031793741992
1681847088719406,743595102319906,2015-11-19T11:00:00+0700,743595102319906
478515825661630,853599918021099,2015-12-05T08:30:00+0700,853599918021099
529715233844807,763999553678418,2015-12-19T09:00:00+0700,111112242381308
587786681361995,594446634029447,2015-12-03T09:00:00+0700,165534100322948
1084051461628235,103256596592,2016-01-06T14:00:00+0700,317670801702352
1713200985567912,454234961433967,2015-11-23T17:00:00+0700,
1631223837143296,964215090319561,2015-12-12T14:00:00+0700,900288829999422
171696766513692,518009084923919,2016-01-23T15:00:00+0700,121410024700815
182401922107555,646960695444403,2015-12-03T18:30:00+0700,646960695444403
1022795431076237,123966167614127,2015-12-15T22:00:00+0700,108458769184495
1647685948816343,339679246202032,2015-12-03T21:00:00+0700,339679246202032
455637751283813,118839014885300,2015-12-29T18:00:00+0700,118839014885300
926958700717655,123966167614127,2015-12-11T21:00:00+0700,108458769184495
795736280537475,890199781049496,2016-03-05T00:00:00+0700,108458769184495
1163434467004393,285914334821142,2015-12-07T19:00:00+0700,285914334821142
1626927544222999,1707412249479794,2015-11-28T19:00:00+0700,1707412249479794
524628811027230,619438484840186,2015-11-27T03:30:00+0700,135180599990150
963139843743501,243929942407499,2015-11-26T08:00:00+0700,1413619728872697
614363315369846,466120006879629,2015-11-20T00:00:00+0700,134930110023155
133798883645899,307940946076924,2015-12-19T08:00:00+0700,223806474368871
423555677848446,764146283653342,2015-12-06T08:30:00+0700,
136941413335064,596966437099561,2016-02-28T09:00:00+0700,105574869774687
520820201413981,103256596592,2016-02-14T14:00:00+0700,317670801702352
686337388133063,146531682028842,2016-01-27T08:00:00+0700,108458769184495
569504093201752,517077501721338,2015-11-20T06:30:00+0700,536928636386470
1485905395049069,223195301207373,2015-12-12T08:00:00+0700,337636386439957
551504168321268,574673479312499,2015-12-01T03:30:00+0700,574673479312499
1017664094920484,111519353773,2015-11-27T21:00:00+0700,111519353773
959475154113973,169336603096312,2015-11-29T05:00:00+0700,169336603096312
197446043924959,405370612991266,2015-12-03T18:30:00+0700,433364086802568
1004501272934293,396964550404443,2015-12-04T05:30:00+0700,530519887062283
491548331013231,1473429612954239,2015-11-29T20:00:00+0700,187999364551969
2111249605680682,212637095470180,2015-12-11T20:00:00+0700,378468385599733
1640768362814765,941357989235936,2015-12-05T14:00:00+0700,1515181048737786
1026266517404863,252243771463613,2015-11-18T08:00:00+0700,252243771463613
901441069942273,368993543205564,2015-12-02T10:00:00+0700,231483033583144
1489600091342084,489408284517650,2015-12-04T00:00:00+0700,
1643882742553367,660332954089675,2015-12-09T09:00:00+0700,223806474368871
1105684389456261,1062026267159811,2015-12-09T10:00:00+0700,223806474368871
1045203018844119,103256596592,2016-01-24T14:00:00+0700,317670801702352
977812568945998,860654560722600,2015-11-22T09:00:00+0700,204411033069554
1705848732980878,249087021933269,2015-11-29T09:00:00+0700,168724126658838
1526600467663466,123966167614127,2015-12-25T22:00:00+0700,108458769184495
764871663617846,1627940487422608,2015-11-29T08:30:00+0700,1627940487422608
464495213732121,10153779219149371,2015-11-21T15:00:00+0700,258001300956878
538279132989832,306838532698248,2015-12-11T08:00:00+0700,138930529579191
250309228458366,744176092377786,2033-11-09T00:00:00+0700,269264116509402
1647213525551952,481222528625470,2015-11-17T18:30:00+0700,481222528625470
423717384415158,404155176321305,2031-08-30T19:00:00+0700,404155176321305
527385800759438,516267698463038,2015-11-17T15:00:00+0700,155918314577453
608762552594198,118839014885300,2015-12-26T18:00:00+0700,118839014885300
981889315202456,317730284938659,2015-12-05T08:00:00+0700,317730284938659
520514754791299,368015956679599,2015-12-04T15:00:00+0700,368015956679599
623228254478204,895352140571726,2016-02-08T19:00:00+0700,108458769184495
522359454596124,1404185606573553,2015-11-21T18:00:00+0700,805961829521606
758722094239535,1567462886820279,2015-11-23T13:30:00+0700,1567462886820279
489393957905197,137843476270107,2015-11-21T08:30:00+0700,362052973821453
1635747950032736,10204697665755752,2015-11-22T08:00:00+0700,118134971583940
1649728361965138,968666283156689,2015-12-11T10:00:00+0700,346420522156712
476987945841463,204541456255154,2015-11-30T18:00:00+0700,214021642094144
1703998466479897,221295881261517,2015-12-19T05:30:00+0700,221295881261517
993550154026187,428903470626769,2015-12-12T19:30:00+0700,302531339925201
1077965492215167,10153787091484721,2015-11-29T07:00:00+0700,582263571809924
1573780222895939,1429198520635265,2015-12-06T00:00:00+0700,189993341089887
818042981641643,359060347178,2015-11-24T18:00:00+0700,359060347178
461298460744205,946435645370657,2015-11-21T18:00:00+0700,946435645370657
543655185782549,640606605972941,2016-03-08T09:00:00+0700,290465327646803
185859111756213,123966167614127,2015-12-24T21:00:00+0700,108458769184495
157307111289538,1013268335360013,2015-12-12T06:00:00+0700,272717759450624
489692841197214,1011601612193385,2015-11-26T09:00:00+0700,585812041517670
1520378681616309,38009610772,2016-04-23T14:00:00+0700,108458769184495
1517636418547610,508268879192553,2015-11-29T07:00:00+0700,297115090491673
1525089304475624,1038050729578939,2015-11-28T15:00:00+0700,350609055007769
796359963823801,356814014525906,2015-12-09T18:00:00+0700,936322309729025
423850587821938,530589267118874,2015-12-01T18:00:00+0700,411666182352304
1478733555721515,979365152122822,2017-01-01T00:00:00+0200,384909714926169
326413324149212,168724126658838,2015-11-23T18:00:00+0700,168724126658838
141783372845728,10104059663264310,2015-11-27T21:00:00+0700,339679246202032
1557137024539335,962102013826582,2015-12-31T00:00:00+0700,790785584342379
785083881617402,229038657220497,2015-11-25T20:00:00+0700,229038657220497
1676106492658615,508398046003051,2015-12-03T09:00:00+0700,128218510567966
1502150523415752,43530051470,2015-11-25T08:00:00+0700,111623748849526
963246437103211,711464082266450,2015-11-28T19:00:00+0700,711464082266450
1517252088592543,1415415535434553,2015-12-19T18:00:00+0700,108458769184495
519090021584170,1502264590071187,2015-12-22T08:00:00+0700,415194038576361
1405303876431734,10207868993381373,2021-06-25T02:10:00+0700,110347962389824
1652058751713806,977367635652940,2015-11-22T08:00:00+0700,
989215157823834,616736635138732,2015-12-03T19:00:00+0700,616736635138732
1229112313782698,10153657829015446,2015-12-05T22:00:00+0700,123114917705909
879336822135979,10205298968816215,2016-08-08T00:00:00+0700,108458769184495
492973564196201,115946558433420,2015-11-21T09:00:00+0700,356446051229982
142489732775742,740604209368571,2015-11-21T17:00:00+0700,740604209368571
115510352145960,161246493937723,2015-11-21T08:30:00+0700,476174799078113
1552412775048787,280024335451233,2015-12-12T14:00:00+0700,398851480147675
1708970406004977,182192111830682,2015-12-18T13:00:00+0700,173700849325842
1652546251661088,200157660020062,2015-11-25T18:00:00+0700,601846669902179
1642044482711178,248539195294165,2016-03-01T09:00:00+0700,290465327646803
1508347219459135,103256596592,2016-03-11T15:00:00+0700,129765995630
147114455645070,147368101966935,2015-11-27T17:30:00+0700,147368101966935
878190755634253,627685557246892,2015-12-11T18:45:00+0700,627685557246892
186283245051572,103256596592,2016-02-03T14:00:00+0700,317670801702352
190853124587106,1514059412145074,2015-12-05T08:30:00+0700,1620049854911872
1717752625120818,372528302901234,2015-12-04T09:30:00+0700,151651061649477
770446929732029,758772644233197,2015-11-28T19:00:00+0700,197490273611584
934528249967335,671142219620043,2015-11-28T09:00:00+0700,805961829521606
1164280260255705,720395531439849,2015-12-05T09:00:00+0700,720395531439849
542668749205988,108624324547,2015-08-01T00:00:00+0700,108624324547
143844432640742,259348017509446,2015-12-19T18:30:00+0700,483918051719299
905008766246226,274448332741341,2015-11-21T16:30:00+0700,137022296318802
435322593338815,185522338445404,2015-12-01T19:00:00+0700,149626291741409
795999260515174,118839014885300,2015-12-31T18:00:00+0700,118839014885300
525586757605679,616736635138732,2015-11-26T19:00:00+0700,616736635138732
453667674816044,142731082549548,2015-11-18T07:30:00+0700,1493957517501687
858874757559077,635802649810216,2015-12-04T17:30:00+0700,635802649810216
192475747754735,1404185606573553,2015-11-29T14:00:00+0700,805961829521606
991910604185166,618442091574437,2015-11-18T18:00:00+0700,1575293096059517
1658388237753858,937287386329125,2015-11-17T19:00:00+0700,1436892619887339
1667516100192564,823336804386219,2015-12-02T09:00:00+0700,460220967445906
1667176276899761,635802649810216,2015-11-23T16:30:00+0700,635802649810216
1484603061846426,1573946912876102,2015-12-02T00:00:00+0700,1496389437357463
1254733711210840,339679246202032,2015-12-05T21:00:00+0700,339679246202032
511667155662904,123966167614127,2015-12-24T22:00:00+0700,108458769184495
1075900679094831,103256596592,2016-02-28T14:00:00+0700,317670801702352
1656788981261051,397229963643814,2015-11-29T09:00:00+0700,397229963643814
764835670294999,277375675622024,2015-11-19T08:00:00+0700,277375675622024
1621002981483264,410181972473704,2016-01-01T00:00:00+0700,722213971152713
493719907454733,721871477947191,2015-12-18T18:00:00+0700,
1676855795934448,278399152281803,2015-11-28T09:00:00+0700,278399152281803
410271959178819,308440095907860,2015-11-28T10:30:00+0700,525583710830158
1651687241722923,209804292486603,2015-12-24T15:30:00+0700,187275621329532
904360302946503,286852916634,2015-12-19T08:00:00+0700,103782472994282
806269369499422,103256596592,2016-01-22T15:00:00+0700,129765995630
114129678945593,1659854654232553,2015-11-27T18:00:00+0700,742625392480128
1033124196708995,506571209521125,2015-12-05T19:15:00+0700,208769232649566
1640326062879659,810863165651660,2016-03-08T09:00:00+0700,810863165651660
715990218523326,1924837791075469,2015-12-31T00:00:00+0700,525624427497892
914116092001142,857476940987836,2016-01-17T12:30:00+0700,200002816870335
148966468795177,1447063515567486,2015-12-20T14:00:00+0700,1447063515567486
1560166957556972,194450337251956,2015-01-13T07:00:00+0700,476174799078113
631984013611089,518090058316500,2015-11-28T08:00:00+0700,1413619728872697
1521727101485445,10200962500901359,2015-11-29T17:00:00+0700,182542365100031
1015853445139298,103256596592,2016-01-10T14:00:00+0700,317670801702352
945572608838012,103256596592,2015-11-27T15:00:00+0700,1562513684030712
1642191769376008,123966167614127,2015-12-26T19:30:00+0700,108458769184495
570911803060678,128245747288027,2015-12-05T16:30:00+0700,359105870910198
1641444309454295,221295881261517,2015-11-28T20:30:00+0700,221295881261517
614073462063699,848078751874309,2015-11-18T16:00:00+0700,848078751874309
494764264037412,140219466169854,2015-12-12T10:00:00+0700,1436892619887339
1913467532211684,1622140658042443,2015-12-07T18:00:00+0700,638361402937107
1300065630019579,285914334821142,2015-12-01T20:00:00+0700,285914334821142
506193636215894,730105177090238,2015-12-06T08:00:00+0700,435182723355450
964558963605182,263544960336843,2015-12-05T10:00:00+0700,278711348827134
1629460350652117,1011385472234811,2015-11-29T08:30:00+0700,1011385472234811
147122932314782,510858105592801,2015-12-09T18:30:00+0700,
1712903448943953,426946900745046,2015-12-12T14:00:00+0700,426946900745046
189186581416344,735886609889137,2016-01-15T09:00:00+0700,1436996373228328
454615604712551,722061997910397,2015-12-07T00:00:00-0800,108458769184495
906401222748379,299720366871833,2016-01-03T13:00:00+0700,362827117178511
893238854063197,1395197027386441,2015-12-25T23:59:00+0700,1395197027386441
638776259596185,147368101966935,2015-11-23T10:00:00+0700,147368101966935
1044168592280224,10153581617097529,2016-01-08T11:00:00+0700,717707478248567
1660552524216133,188060294699390,2015-11-21T13:30:00+0700,188060294699390
420033614863551,1501832296802861,2015-12-19T08:00:00+0700,108458769184495
528961267266179,386247671419787,2015-12-10T20:00:00+0700,
864041886997217,1554007758185933,2015-11-26T20:00:00+0700,517202854971553
415560751901803,10153222944386863,2015-11-27T14:00:00+0700,737636772940106
1514846838808883,103256596592,2016-02-10T14:00:00+0700,317670801702352
775060535938975,422006547845057,2016-03-01T09:00:00+0700,290465327646803
1516099898705226,1054532734611210,2015-11-29T11:00:00+0700,1054532734611210
1097659073578691,844740572259125,2015-11-20T16:30:00+0700,265056543554703
1534172186874420,176517912699518,2015-12-11T09:00:00+0700,128218510567966
1405085129821337,144845212220147,2016-07-14T00:00:00-0700,144845212220147
1628876144040385,103256596592,2016-01-08T15:00:00+0700,1562513684030712
1675390636081561,1536374469987450,2015-11-27T19:30:00+0700,195128153888261
199405303727652,524674157605582,2015-11-28T22:00:00+0700,524674157605582
566175580204077,488374091256999,2015-11-25T19:30:00+0700,488374091256999
1526832960967465,285914334821142,2015-12-03T20:30:00+0700,285914334821142
1506351686359278,992956707438250,2015-11-21T05:30:00+0700,614042118658112
1500362113591255,143962809064655,2015-11-20T19:00:00+0700,143962809064655
361826890689198,260383744081159,2015-11-27T08:00:00+0700,260383744081159
1521068511540029,10153104612172587,2015-11-28T21:00:00+0700,
703531249746900,1723488694547764,2015-11-22T09:00:00+0700,551180438232919
920532884705447,88090159972,2015-11-22T08:00:00+0700,
1642038106013042,207027719481626,2016-01-06T18:00:00+0700,514367848684483
1654656524793572,1396105537380038,2015-12-05T09:00:00+0700,1396105537380038
497540377073623,111519353773,2015-12-25T19:00:00+0700,111519353773
541361516018697,247584205280521,2015-11-20T20:00:00+0700,143962809064655
136599536699616,507314332675580,2015-11-29T09:00:00+0700,128218510567966
1672166549701268,183898949084,2015-11-28T09:30:00+0700,173318639500373
165288087155118,354759514562785,2015-11-22T08:30:00+0700,522678764468384
1862289050664286,10153657829015446,2015-12-12T22:00:00+0700,524674157605582
531123497045760,681295792003071,2015-11-26T17:00:00+0700,681295792003071
1703776966504174,10203778310097915,2015-11-19T18:15:00+0700,404022109749688
1686890481593187,269620783073712,2015-12-11T18:00:00+0700,269620783073712
925268004218508,271643436292509,2015-11-21T21:00:00+0700,271643436292509
1522441931403370,129765995630,2015-11-20T18:00:00+0700,129765995630
1035314519836199,372528302901234,2015-12-01T09:00:00+0700,349988191806314
405973212925585,103256596592,2015-11-27T15:00:00+0700,270826963014454
372325806279445,10204990335013832,2020-12-15T00:00:00+0700,294364184086131
1727916837436720,1481119612111750,2015-11-28T09:30:00+0700,1481119612111750
654461881357842,1557960537787383,2015-11-29T11:30:00+0700,230149177026224
1284046531620841,123966167614127,2015-12-13T19:00:00+0700,108458769184495
1674089026164377,150341078640033,2015-11-18T21:00:00+0700,150341078640033
979761405403606,467962563304401,2015-12-01T15:00:00+0700,120462351299084
347861952089823,814025605331400,2015-11-21T08:00:00+0700,231748270189907
1643381175903642,1415415535434553,2015-11-29T07:00:00+0700,108458769184495
555065451317943,923782997698860,2016-02-24T15:00:00+0700,108458769184495
1651302205118023,233518100170351,2015-12-24T18:00:00+0700,233518100170351
1635667590055386,1404185606573553,2015-12-03T18:00:00+0700,805961829521606
1719877178240884,1040321772685791,2015-12-01T13:00:00+0700,103988089638892
436888249849609,179660455440249,2015-11-19T18:00:00+0700,347132461968531
184165651924959,172692759466349,2015-12-12T15:00:00+0700,172692759466349
1661242774134560,253793034815806,2015-12-31T10:00:00+0700,253793034815806
1024496687595216,1504006339899953,2016-09-04T00:00:00+0700,108458769184495
1219579281404698,479000735570737,2015-11-19T14:00:00+0700,1468763586725231
1691900327712119,1421982324729003,2015-11-22T06:00:00+0700,513498448769558
1075252359181865,179094045502875,2016-01-08T09:00:00+0700,108458769184495
736325763177454,1481119612111750,2015-12-12T14:00:00+0700,1481119612111750
942502089120677,395143205624,2015-11-19T16:00:00+0700,395143205624
186513501688889,1537092069914460,2016-01-10T08:00:00+0700,178042399063167
805936946171777,123741664367658,2016-04-29T08:00:00+0700,123741664367658
777733555669023,574673479312499,2015-12-28T18:30:00+0700,574673479312499
1690758604502588,432120633652079,2015-11-27T08:30:00+0700,105546522811770
1484609308508052,182926888574694,2015-11-21T19:00:00+0700,182926888574694
425697107630544,1545729262363418,2015-11-28T09:00:00+0700,1545729262363418
143078432716580,253302018041854,2015-12-19T09:00:00+0700,223806474368871
917672741659862,123966167614127,2015-12-11T19:00:00+0700,108458769184495
511804775649731,844246629007793,2015-12-18T14:00:00+0700,368875333207010
1195426057139585,479031478884312,2015-12-20T08:00:00+0700,1413619728872697
1513308675646827,574673479312499,2015-11-20T09:00:00+0700,574673479312499
1633865473528494,197818497224607,2015-11-28T17:30:00+0700,1500788500146314
427989960731914,1429807040605836,2015-11-20T20:00:00+0700,1429807040605836
1159030577448377,724962494213743,2015-12-02T09:30:00+0700,374013099354936
1109265265750628,182715921890493,2016-05-18T10:00:00+0700,108458769184495
1659661840956158,307940946076924,2016-01-27T08:00:00+0700,
1634227493510358,624580071015763,2015-11-24T18:30:00+0700,906159529455238
1699526300334531,937287386329125,2015-12-08T19:00:00+0700,1436892619887339
117378128624899,260383744081159,2017-11-15T09:00:00+0700,1385327801723360
1494651544163641,748182375315645,2015-11-29T07:00:00+0700,717707478248567
913726102016230,785796941448543,2015-11-29T17:30:00+0700,785796941448543
1181828128499301,891253794286879,2015-12-02T18:30:00+0700,1456732647966039
867754930012766,1569839003249417,2015-11-29T07:00:00+0700,230149177026224
939849736108849,285914334821142,2015-11-25T20:00:00+0700,285914334821142
424468137738057,148316888708402,2015-11-25T08:00:00+0700,742625392480128
521058938061840,201698103256499,2015-12-05T13:00:00+0700,1584171375183428
192597301083272,128553450498026,2016-03-09T09:00:00+0700,108458769184495
1649497315327916,956814827695517,2015-12-05T08:00:00+0700,194594207275316
407965239373341,177315769013825,2015-11-17T00:00:00+0700,160089624104655
714537595342870,517133594971901,2015-11-21T22:00:00+0700,524674157605582
958954417448605,250184235107534,2015-11-22T08:30:00+0700,115171948552252
747267515322948,653202284821442,2017-01-07T00:00:00+0700,108458769184495
1528507317470530,618442091574437,2015-12-03T18:00:00+0700,433364086802568
727351294066130,1677803725783969,2015-11-28T18:30:00+0700,1677803725783969
918815728153625,436755829846411,2015-11-29T09:00:00+0700,1610081362581484
441839982667436,149469482076141,2015-11-21T08:30:00+0700,722213971152713
1642998415970980,110563672629218,2015-12-07T21:00:00+0700,150341078640033
816406775135427,463964803783913,2015-12-05T08:00:00+0700,194594207275316
1002359466476664,1488344584718571,2016-01-09T12:00:00+0700,442177372528700
1517804545199422,183447998475415,2015-11-22T18:00:00+0700,183447998475415
543875712442279,123966167614127,2015-12-24T21:00:00+0700,108458769184495
549192808571431,1050105898367365,2015-11-29T08:00:00+0700,416448301787076
503013489880764,269620783073712,2015-12-15T18:00:00+0700,269620783073712
945773412167164,500857723359742,2015-12-04T13:00:00+0700,92055404101
1647507122170549,151349934891671,2016-03-21T08:00:00+0700,762990367072885
951818681522660,520048471492523,2015-12-05T08:30:00+0700,505682112822165
840096532780434,490198234392508,2015-11-27T12:00:00+0700,187275621329532
1650607558527327,1481119612111750,2015-11-26T19:00:00+0700,1481119612111750
380347925486339,141797515863905,2016-06-06T08:00:00+0700,141797515863905
892649937474491,296838670469955,2015-12-31T00:00:00-0800,296838670469955
1522705568048224,740604209368571,2015-12-06T07:00:00+0700,740604209368571
441791196018550,1056110321068369,2015-12-06T14:00:00+0700,337423376273783
533717493449855,425170150909356,2015-11-29T09:00:00+0700,476174799078113
439904049551763,1629676160640765,2015-11-29T09:00:00+0700,147117621975767
1640441632884917,891580737523835,2015-12-07T20:00:00+0700,891580737523835
892525794172238,209804292486603,2015-11-23T14:30:00+0700,187275621329532
736854409753137,143962809064655,2015-12-19T15:00:00+0700,143962809064655
886099961445115,375413635869201,2015-12-03T21:00:00+0700,375413635869201
554380491387541,301239949955762,2015-11-29T06:00:00+0700,318382571575946
929996930426373,798405756944138,2015-11-27T18:30:00+0700,798405756944138
1656401337951247,724129967635365,2015-12-19T09:00:00+0700,1409114322696683
540286862788351,1446439988903786,2015-11-29T07:30:00+0700,1548822958732504
489124871259892,147073801994956,2015-11-24T09:00:00+0700,147073801994956
112055882496156,524674157605582,2015-12-10T21:00:00+0700,524674157605582
147836405575804,1481119612111750,2015-12-10T19:00:00+0700,1481119612111750
983628185032105,347947758694020,2016-01-15T08:00:00+0700,108458769184495
1151740234853898,285914334821142,2015-11-27T20:30:00+0700,285914334821142
1118925088119512,231027040380504,2015-12-05T09:00:00+0700,231027040380504
1641671362774614,204967862909467,2015-11-22T08:00:00+0700,108458769184495
890966060986998,307940946076924,2015-12-26T09:00:00+0700,223806474368871
905689322853637,740604209368571,2015-11-28T17:00:00+0700,740604209368571
843714479079121,313535688813556,2015-12-12T08:00:00+0700,154985361297846
902310349847187,1575293096059517,2015-12-10T12:00:00+0700,1575293096059517
1659170661026981,821207644606881,2015-12-01T15:00:00+0700,821207644606881
1491009331203182,237086139831573,2015-11-19T08:30:00+0700,248454621922373
1661429304135978,1677707045801591,2016-02-01T12:00:00+0700,
1233002830058921,1629552910632634,2015-11-19T18:00:00+0700,1629552910632634
712009595602015,440545126004733,2015-11-21T09:30:00+0700,108458769184495
1542894519335025,103256596592,2016-02-17T14:00:00+0700,317670801702352
1521978201451195,605035559567302,2015-12-10T00:00:00+0700,646539845394939
1049794151708209,260180270698080,2015-12-05T09:00:00+0700,260180270698080
665696516910156,1554881234741679,2016-10-01T00:00:00-0700,1554881234741679
509992435843792,474988835853777,2015-11-28T07:00:00+0700,646682278708019
758281127610735,709012782538705,2015-12-05T11:15:00+0700,709012782538705
792202657568490,538892992927216,2016-03-25T18:00:00+0700,108458769184495
1510567955909044,234020776643376,2015-12-01T09:00:00+0700,460134557359259
183580841988156,1545729262363418,2015-11-28T10:00:00+0700,1545729262363418
975449605847497,234403866735257,2015-12-04T16:00:00+0700,796781203682173
499466390227177,512483402164156,2015-12-12T08:00:00+0700,336758589817497
609445715860145,920448777993357,2015-11-17T08:30:00+0700,1456732647966039
502407396600024,285914334821142,2015-11-26T19:00:00+0700,285914334821142
1623749834542763,454499471401049,2015-12-10T00:00:00+0700,731761173517581
431581403704434,169864156513040,2015-12-06T15:00:00+0700,1415009845470518
1245920382101712,260304854178102,2015-12-05T08:00:00+0700,601523263204450
1017645984963730,294331133924741,2015-12-20T08:00:00+0700,294331133924741
1043554092355578,505964009422659,2015-12-11T09:00:00+0700,128218510567966
210616589269733,10205479162554580,2015-12-20T01:00:00+0700,108458769184495
830956830352088,1661323967420601,2015-11-22T08:00:00+0700,194381503945418
171967523146277,794069040654740,2016-03-11T07:00:00+0700,356080287781726
1487338478240415,524674157605582,2015-12-04T22:00:00+0700,524674157605582
1723028394595042,139184466837,2015-11-28T09:00:00+0700,
1043281959036382,622579487851146,2015-12-05T07:00:00+0700,678674198912269
919436231437882,893151400721361,2015-11-22T08:00:00+0700,893151400721361
1489661418004369,1037535636298861,2015-11-21T15:00:00+0700,187275621329532
721688537965587,143962809064655,2015-11-24T19:00:00+0700,143962809064655
1185663778130472,1008493379173472,2015-11-27T05:00:00+0700,278579478871071
592475197557492,926831867393191,2015-11-28T08:00:00+0700,792695370809320
942354169169687,339679246202032,2015-11-17T21:00:00+0700,339679246202032
147543952268126,428543550518998,2015-12-11T06:00:00+0700,428543550518998
758846707577663,502842103067911,2015-12-11T21:00:00+0700,524674157605582
638266769648820,235571816517530,2015-11-26T18:00:00+0700,235571816517530
595595830581398,10207177836702847,2015-11-22T09:00:00+0700,404022109749688
857622540975972,232371336868468,2015-12-02T09:00:00+0700,290465327646803
428507854007363,1514070725515099,2015-11-21T09:00:00+0700,140897822681576
1648052285418189,118839014885300,2015-12-26T14:00:00+0700,118839014885300
939497092798943,591716884258780,2015-11-25T17:00:00+0700,591716884258780
1660504720886715,498286613687022,2015-12-04T13:15:00+0700,548170845231983
703513213082071,110563672629218,2015-12-06T14:00:00+0700,150341078640033
1653688341538912,1481670788800500,2015-11-26T10:30:00+0700,548193241868218
942145629156651,312530050390,2015-11-28T08:30:00+0700,1103479963014174
962375430501761,811045082326617,2015-12-06T15:00:00+0700,113765112091581
921413567927314,758794024250369,2015-11-21T13:30:00+0700,138836452896592
1482282252076913,671660636249529,2016-01-02T08:00:00+0700,307122932704695
871565706285002,285914334821142,2015-11-20T20:30:00+0700,285914334821142
1658552184361587,488523964549030,2015-12-05T08:30:00+0700,139069359454848
1638960129727035,10206721266843080,2015-11-28T18:30:00+0700,
1489867771318674,1096032967076117,2015-11-29T00:00:00+0700,377236419048073
1659631944249503,341828695997906,2015-11-20T08:00:00+0700,186974978020618
1640423019530882,135180599990150,2015-11-25T08:30:00+0700,135180599990150
1465104253792971,105179793168811,2015-11-21T13:00:00+0700,742625392480128
909977732412511,921001367953010,2015-12-19T09:00:00+0700,111112242381308
1513489878975889,1522680824710885,2015-11-18T18:00:00+0700,1575293096059517
1477651862560133,10103795361103002,2015-12-19T08:00:00+0700,231483033583144
1728490300705380,111112242381308,2015-12-19T09:00:00+0700,111112242381308
2147949678679083,213476335329901,2015-11-25T16:00:00+0700,442177372528700
1930019240555872,1079769152046201,2016-02-07T09:00:00+0700,534940089884397
728667207277026,153760391414594,2015-11-26T19:30:00+0700,153760391414594
738555442944145,141972589333707,2015-11-24T08:00:00+0700,197490273611584
811739372281195,464157183700396,2015-12-20T09:00:00+0700,317981921665752
534708873350828,283768451785783,2015-11-17T06:30:00+0700,1683428088537576
503234193169664,552463028238714,2015-12-31T15:00:00+0700,1499285950349814
1108946245804839,343437982349380,2015-12-05T08:00:00+0700,343437982349380
194438797565243,250049581795712,2016-01-06T23:00:00+0700,250049581795712
1505314403101681,410181972473704,2015-12-13T08:30:00+0700,722213971152713
697751497029151,432022163659321,2016-05-15T07:00:00+0700,412457818894617
1628495450764448,10153717194930040,2016-05-29T19:30:00+0700,108458769184495
1722593361302843,1481119612111750,2015-12-05T14:00:00+0700,1481119612111750
921247657930940,205183552948579,2015-11-29T19:00:00+0700,272717759450624
515513515294126,476881452332936,2015-12-05T13:00:00+0700,401696889888432
189292908073143,570664983072538,2015-12-06T17:00:00+0700,870761616278498
134970850201139,418634074834601,2015-12-13T08:00:00+0700,418634074834601
643591252450462,269620783073712,2015-11-19T18:00:00+0700,269620783073712
772348176227890,10208120043908744,2016-01-23T10:00:00+0700,581437731883091
1677137379195108,1432209087075283,2015-11-29T15:00:00+0700,1432209087075283
533649503465344,1643115849251235,2015-12-01T18:00:00+0700,1643115849251235
1232287183454381,453194864884169,2015-11-17T19:00:00+0700,306697212759064
1398181920473000,738932799476356,2015-12-05T08:30:00+0700,222396024580643
175717846112495,635802649810216,2015-12-05T09:00:00+0700,635802649810216
551919804971896,616736635138732,2015-11-23T17:00:00+0700,616736635138732
910059795737600,1623917791181393,2016-01-13T18:30:00+0700,500283233387474
986456478078557,189259747917012,2015-12-01T08:30:00+0700,189259747917012
1481083745533238,993891450633703,2015-11-28T09:00:00+0700,298786433626925
1653992801547099,147368101966935,2015-11-21T20:30:00+0700,147368101966935
1642763619333249,977367635652940,2015-11-21T12:00:00+0700,
1527444727569728,1577392942489787,2015-12-04T08:00:00+0700,1577392942489787
1447016085626611,1602960929965089,2016-03-14T00:00:00-0700,473356726052058
1621361011463261,647292415412093,2015-12-08T10:00:00+0700,302269166541541
156832861335620,631708423608000,2015-11-19T21:00:00+0700,1575293096059517
470419469805037,422816254452621,2015-11-21T10:00:00+0700,422816254452621
778607978933665,198538450487054,2015-12-19T08:30:00+0700,
684094101690679,626725360685230,2015-12-16T20:00:00+0700,426326400822505
564214203736354,517202854971553,2015-12-12T20:00:00+0700,517202854971553
463742797039474,10205153504262755,2020-01-17T00:00:00+0700,108458769184495
1521483178178527,1545729262363418,2015-11-29T09:00:00+0700,1545729262363418
965011166870264,469264319841328,2015-12-02T09:00:00+0700,223806474368871
1648912038721600,545755088834198,2015-11-18T19:00:00+0700,545755088834198
1516028465387070,1675296099378638,2015-12-19T21:00:00+0700,108458769184495
518441461667242,861852637225054,2016-07-04T08:00:00+0700,861852637225054
928894690519883,111112242381308,2015-12-19T09:00:00+0700,111112242381308
429444030594966,350197865040106,2015-11-28T10:00:00+0700,159901830796313
1490608407901635,184177888302929,2015-12-01T15:00:00+0700,184177888302929
433643840174870,123966167614127,2015-12-25T21:00:00+0700,108458769184495
1633955313522594,760346907363626,2015-11-21T06:00:00+0700,336758589817497
134204513609045,1038268559569563,2015-12-05T14:00:00+0700,1515181048737786
441629796036509,233471590157866,2015-12-22T18:00:00+0700,173318639500373
906639566051815,778583602252405,2015-11-21T08:00:00+0700,778583602252405
1495643027398937,331165441472,2015-12-10T20:00:00+0700,792529450807497
558200800993681,551286744954713,2015-11-26T18:30:00+0700,551286744954713
496036427268213,210775052367193,2015-11-25T18:30:00+0700,210775052367193
438894969641721,265578486814449,2015-11-30T18:00:00+0700,265578486814449
1518755158444609,981245895281729,2015-12-23T08:30:00+0700,108458769184495
482838738558603,143962809064655,2015-12-05T15:00:00+0700,143962809064655
1650760668536515,200787976672884,2015-11-21T13:00:00+0700,108458769184495
955677217858409,731811730285817,2015-11-19T11:00:00+0700,446098952104001
716738678430703,915397661819150,2015-12-19T08:30:00+0700,123529854410085
1697241207153927,103256596592,2016-02-24T14:00:00+0700,317670801702352
419239658279508,730105177090238,2015-11-22T08:00:00+0700,217844788355027
963606073713590,417156681694803,2015-12-27T08:00:00+0700,
545198285638570,751004694990574,2015-12-10T16:00:00+0700,138513476299097
939638432739841,778583602252405,2015-12-12T06:00:00+0700,778583602252405
796693227022765,539933446026363,2020-01-01T00:00:00-0800,592794974107813
1525581344429548,635802649810216,2015-12-12T09:30:00+0700,635802649810216
1630899993845932,1554881234741679,2016-10-01T00:00:00-0700,1554881234741679
1671816919707903,468753176642595,2015-11-20T05:00:00+0700,435456619964806
705312679603964,288534948008633,2015-11-28T12:00:00+0700,152907784758417
741573269308723,875993909158825,2015-11-28T09:30:00+0700,121404550378
617788491694733,385647901623128,2015-12-13T10:00:00+0700,385647901623128
103101450054306,553509748004399,2015-12-05T08:00:00+0700,194594207275316
546487338833694,377976328936021,2015-12-09T07:00:00+0700,218733224832468
523399524503134,410181972473704,2015-12-05T08:30:00+0700,722213971152713
468976873302611,248539195294165,2016-05-19T10:00:00+0700,248539195294165
1532926813694297,524674157605582,2015-12-05T22:00:00+0700,524674157605582
922971211103579,110563672629218,2015-11-21T20:00:00+0700,1575293096059517
191603491180441,1414824382091860,2015-12-19T10:30:00+0700,634682069961329
468807196637000,410181972473704,2015-12-06T08:30:00+0700,722213971152713
931755086907392,686556374748542,2015-12-13T13:30:00+0700,688491164534675
1624545187788362,10153219707417944,2015-12-05T01:00:00+0700,405649939473945
141278542901395,103256596592,2016-01-31T14:00:00+0700,317670801702352
1524682541185172,124753470968942,2015-12-03T08:00:00+0700,111958868878272
957690017644113,1514059412145074,2015-11-21T08:30:00+0700,1620049854911872
986720544699750,385721254831519,2015-12-15T13:00:00+0700,385721254831519
505814529591768,285914334821142,2015-12-10T18:00:00+0700,285914334821142
1523381281314094,158587047631687,2015-11-22T09:00:00+0700,158587047631687
446234268895916,1417162718530114,2015-12-01T18:00:00+0700,168724126658838
487623601362936,397802056936366,2015-11-27T21:00:00+0700,1562523137314904
1006126902778254,123966167614127,2015-12-27T21:00:00+0700,108458769184495
104739873227552,1444446705798512,2015-12-02T18:00:00+0700,111519353773
600827433383056,876472042468596,2015-11-27T00:00:00+0700,174416109399619
1709634665938326,339679246202032,2015-12-04T21:00:00+0700,339679246202032
1638389173109087,149469482076141,2015-11-28T18:00:00+0700,722213971152713
1516210642033578,10153881911518738,2015-11-19T18:30:00+0700,1466954370270567
850447408407557,649211478504730,2015-12-12T10:00:00+0700,649211478504730
850998744998117,103256596592,2016-02-19T15:00:00+0700,129765995630
1523121838001924,524674157605582,2015-11-26T22:00:00+0700,524674157605582
621984551194427,1675553212693137,2020-05-08T20:05:00+0700,108458769184495
1676521435919011,386247671419787,2016-01-06T20:00:00+0700,1436892619887339
1638603683071537,185522338445404,2015-11-25T19:00:00+0700,192118360967820
919883004725577,116126149275,2015-12-02T19:00:00+0700,337993396224046
427718597425292,10153809919464885,2015-12-06T06:30:00+0700,269792559786591
147933212231456,231707586884969,2015-11-25T14:00:00+0700,297695540335617
944906258916704,307940946076924,2016-01-20T09:00:00+0700,410767352382968
692497527518304,150341078640033,2015-11-25T21:00:00+0700,150341078640033
1676329352608101,1006402212756626,2015-11-29T08:00:00+0700,162845970541826
1185739131454038,902080726513727,2015-12-31T15:00:00+0700,1459644000928895
1514772282153569,165419643537532,2015-11-17T08:00:00+0700,165419643537532
1637955923126632,1079769152046201,2015-12-24T00:00:00+0700,534940089884397
875491222558206,1656448801291055,2015-12-09T09:00:00+0700,322177604545206
1097491116941832,147073801994956,2015-12-15T09:00:00+0700,147073801994956
1636419359964472,319631444778063,2015-12-13T18:00:00+0700,319631444778063
1059847834033875,527707137245274,2016-01-05T20:00:00+0700,527707137245274
471985069655963,111519353773,2015-12-31T19:00:00+0700,111519353773
780757758717315,265310903590388,2016-01-16T09:00:00+0700,258001300956878
1691219434441644,1698073483738291,2015-11-26T14:00:00+0700,397188967078821
1530136120643016,10153634086156438,2015-11-19T14:00:00+0700,186974978020618
1696580997242512,124435000920899,2015-11-29T18:00:00+0700,124435000920899
1667371076875337,632030340193913,2015-11-17T08:30:00+0700,306277426062124
317331685104220,10153196206591892,2015-11-25T20:10:00+0700,185819678145941
913202995427226,868257609871371,2016-01-10T14:30:00+0700,868257609871371
182047475468283,1246413692052061,2015-12-20T19:00:00+0700,108458769184495
1124651970893393,593144037384699,2015-11-19T08:30:00+0700,131210596934188
1014810091916125,921001367953010,2015-12-19T09:00:00+0700,111112242381308
1509742802677307,147073801994956,2015-12-01T09:00:00+0700,147073801994956
1659305187682471,167069710013726,2015-12-05T08:30:00+0700,167069710013726
1679693232317526,723038757840278,2015-12-08T09:00:00+0700,723038757840278
1528758890748931,1481119612111750,2015-11-22T08:30:00+0700,1481119612111750
1269087456450623,10200933232650216,2015-12-02T12:00:00+0700,1516680205310963
180347198968408,285914334821142,2015-11-28T21:00:00+0700,285914334821142
1483723631934208,297735387042359,2015-12-13T17:00:00+0700,590899324277189
